{"cameraMatrix":[1682.266679745014,0,571.2382803775213,0,1674.6867549281956,925.1417992019627,0,0,1],"distCoeff":[0.3352624426287654,-5.135536312616414,0.003871361810529251,-3.703170912657119E-4,32.87610481611109]}